First Name,Last Name,Email,Job Title
Earl,Thompson,earlt@xyzdomain.com,Manager
Marsha,Troy,mtroy@xyzdomain.com,VP of Sales
Carley,Hartman,carley@xyzdomain.com,
Frank,Ginsberg,frank@xyzdomain.com,
Scott,Donaldson,sdonaldson@xyzdomain.com,Manager
Amy,Florez,amy@xyzdomain.com,CEO
Victor,Kim,vkim@xyzdomain.com,Manager
Jenny,Wendel,jenn@xyzdomain.com,
Lawrence,Rolfe,lrolfe@xyzdomain.com,VP of Marketing
